,0,1,2,3,4,5,6,7,8,9,10
0,5,150,nn,identity,5,0.9805277865240235,0.49909792055734864,1.134070509220206,2.2395642371088442,0.5449834215619856,0.9548912619739013
1,5,159,nn,identity,5,0.9391228468332781,-3.8378936777601265,3.302713630475727,17.839089196579767,1.2337002696074468,1.4483060191320798
2,5,168,nn,identity,5,0.9754462231632575,0.6254710405731275,0.5220863806791537,0.34310516607377145,0.28210420771672945,0.28130231077390916
3,5,177,nn,identity,5,0.9574872018506116,-0.26718478837724824,1.1058915675240788,1.8212377868616632,0.4676305212472653,0.8072726773380655
4,5,186,nn,identity,5,0.9867931053264986,0.25155140600930265,0.3861657357210708,0.20397556213253784,0.12558624300399113,0.12406808486500427
5,5,195,nn,identity,5,0.9831036084313075,-3.212209966790928,0.30778070357192105,0.13474855406213135,0.11972107832275232,0.11816262652606942
6,5,204,nn,identity,5,0.9811021201935847,-46.691804192578424,0.20856515571160092,0.05565039581947386,0.10045255010299041,0.09469857020219075
7,5,213,nn,identity,5,0.9859143336249159,-52.447905296623446,0.190283351676663,0.06073950292997046,0.13657728502400082,0.1251103497680933
8,5,150,nn,relu,5,0.9755562504929594,-8.619454285832425,0.8348833086178166,0.9691069968736049,0.35899497485412585,0.3640162066892903
9,5,159,nn,relu,5,0.9580550346377752,-0.29906731635444966,1.3556541384583467,2.833913010286778,0.6873574495370579,1.343000492493023
10,5,168,nn,relu,5,0.9838413355535028,-0.41082665077965297,0.7709578825901917,0.8992179467627098,0.45050937473134756,0.6868666465967982
11,5,177,nn,relu,5,0.982169814245278,0.3739050901076438,0.42659367210479915,0.27409300194783986,0.13565206015082285,0.14278422801558405
12,5,186,nn,relu,5,0.8366057121421658,-29.89097564570567,2.1613719569407923,4.913375154511323,1.1334556108220157,19.07735641441712
13,5,195,nn,relu,5,0.9779500565762168,-34.851435689613005,1.2609088828048838,2.43059795299729,0.7977606474215705,6.298936305028801
14,5,204,nn,relu,5,0.986213927344138,-66.61129822838298,0.7311590992788006,0.7283870192179114,0.30428574219705157,0.2537630238086086
15,5,213,nn,relu,5,0.9931334440907809,-368.5304097697999,0.27110892918668533,0.10998324144526554,0.19607160398528345,0.22733328901490038
16,5,150,lr,0.002,0,0.9908566600427763,0.8179097570478132,1.0819361131003884,2.0670101769558165,0.5147383175569079,0.8734390282337228
17,5,150,lr,0.003,0,0.9892770024139117,0.8063560012929765,1.0443271962203389,1.9398735360179733,0.4927781467288965,0.8064349655375597
18,5,150,lr,0.004,0,0.9883303291279324,0.8263449457006167,0.9443196275784591,1.5703911303627862,0.4277369029758766,0.5950059507833049
19,5,150,lr,0.006,0,0.9868636602387614,0.8390449183340877,0.8645387148589703,1.2850962818811686,0.3798986551242142,0.47178302992303495
20,5,150,lr,0.02,0,0.9809958112398371,0.8645936521810761,0.8161331717238799,1.1608675186341466,0.3527089582873952,0.4216264131356682
21,5,150,lr,0.03,0,0.9779057014192373,0.8938127714588385,0.8357859551928654,1.2359826413020456,0.3624318873093196,0.4466168304639549
22,5,159,lr,0.002,0,0.9938899141519045,0.8946915209534431,0.48691635629810565,0.4076233934559354,0.20903476379389097,0.254776395351158
23,5,159,lr,0.003,0,0.9922533296215446,0.905287737509202,0.43859791023759803,0.32327146630079606,0.18280700942871056,0.21017297574457441
24,5,159,lr,0.004,0,0.9912812164375052,0.9075672712884698,0.4329674650132314,0.31094534724039247,0.18241748573651329,0.20743270538059225
25,5,159,lr,0.006,0,0.9898144820353404,0.9354920976505942,0.3628898629051139,0.22402255914164595,0.15060585269904989,0.14201956558709497
26,5,159,lr,0.02,0,0.9860755235776759,0.9563371887551738,0.4360994627974848,0.2947610170420231,0.18020776702094757,0.16803799653149468
27,5,159,lr,0.03,0,0.9843282188114576,0.9619012714189868,0.4368489985034769,0.31146329534694317,0.17873637493691708,0.17390721020087588
28,5,168,lr,0.002,0,0.9950776466024122,0.8827382653271156,1.510970954175739,2.9939741026464564,1.257838169223576,13.305650221778384
29,5,168,lr,0.003,0,0.9942980584319626,0.8946026255402039,1.40261322177909,2.6082854682934133,1.146703367497498,18.837575899225868
30,5,168,lr,0.004,0,0.9937782818444504,0.9097449145955934,1.3007747653895134,2.2770955332268152,1.0309279159007254,7.714390709679616
31,5,168,lr,0.006,0,0.993043859880305,0.9209279775891078,1.2192889724781264,2.045792434430323,0.9184824339570467,3.329946159538514
32,5,168,lr,0.02,0,0.9903323655198992,0.9365970697565693,1.0903328454707253,1.7683670950530122,0.7362353298317733,1.8663492444334635
33,5,168,lr,0.03,0,0.9889644064805956,0.9369116155245605,1.0505850085618562,1.669909993456174,0.6878092810704453,1.5968313284963147
34,5,177,lr,0.002,0,0.9952527237956197,0.9309396352284369,0.6090255026500565,0.6778789652633955,0.21019159488177255,0.2611743633602156
35,5,177,lr,0.003,0,0.9948216204408659,0.926122159751257,0.6230639371690623,0.7241936300362019,0.2166950282278631,0.2737072988290524
36,5,177,lr,0.004,0,0.9944037689345882,0.920798456132772,0.640105713791714,0.773965741070039,0.22456400402443755,0.28829366267047624
37,5,177,lr,0.006,0,0.9936735198538956,0.9165334372918984,0.7121018006600041,0.92148755229108,0.25494075472218447,0.3381098675716603
38,5,177,lr,0.02,0,0.9906837976080743,0.9553984706487517,0.9466274085377342,1.365050545803759,0.3535095308671434,0.49258901635123103
39,5,177,lr,0.03,0,0.9888439904119172,0.9549228603178466,1.045945573713833,1.594118766576006,0.398321695755185,0.5684531231702369
40,5,186,lr,0.002,0,0.9967649082923788,0.7997243575547195,0.3124866144526371,0.22567282809446532,0.10897987654975554,0.12332849720532783
41,5,186,lr,0.003,0,0.9963823800298716,0.7865055774279449,0.33554155410056835,0.25435196731216675,0.1183712511585991,0.1350100751443545
42,5,186,lr,0.004,0,0.9962425662075409,0.8029982128315902,0.3463511137240389,0.2613546345005095,0.12208710658853959,0.1393897536528441
43,5,186,lr,0.006,0,0.9959510367403897,0.8357691243365714,0.37586439849234515,0.29307475106925013,0.1329208188385225,0.15318426339111166
44,5,186,lr,0.02,0,0.9938691528824805,0.9376093393159048,0.6960725638774448,0.7095621076964526,0.2556507299035787,0.3149146664022157
45,5,186,lr,0.03,0,0.9930369745415303,0.9401990214613578,0.8196861155121345,0.9711131536349967,0.3107971844450235,0.40324500988106865
46,5,195,lr,0.002,0,0.9977880157012909,0.6130077680693502,0.284987062183716,0.10934847141748893,0.11299517433713994,0.11380877543935791
47,5,195,lr,0.003,0,0.9974009592636771,0.6327970889531914,0.3016907329566911,0.1286800245242459,0.11965577333534123,0.12189149567293156
48,5,195,lr,0.004,0,0.9972960287780602,0.6720584656608817,0.3152745910702942,0.1450458015252542,0.12595267284991427,0.1314906167859569
49,5,195,lr,0.006,0,0.9970932744741878,0.7336959230461145,0.34766932756688806,0.18600138008195718,0.14103730432925868,0.15320148873329106
50,5,195,lr,0.02,0,0.9962481768744524,0.8566082875932549,0.38786159072264353,0.2581007228574982,0.1621193680122455,0.18760946166283873
51,5,195,lr,0.03,0,0.9956064530152804,0.8807957345625521,0.44924860797634003,0.3480600387864188,0.19176328833309672,0.2296764049144091
52,5,204,lr,0.002,0,0.9979105517956969,-2.259748087578954,0.10477458829312279,0.020423912905239136,0.05458160664944933,0.05173095155426962
53,5,204,lr,0.003,0,0.9975323201731671,-1.9804358597694114,0.09008383390288686,0.01572681429623752,0.047413026629903675,0.045155229472031384
54,5,204,lr,0.004,0,0.9974278470870703,-1.7798392528298344,0.08352421630434632,0.013882021963132997,0.04422803046868196,0.04222279263978832
55,5,204,lr,0.006,0,0.9973298247820234,-1.607506489242339,0.0735027062551918,0.011248823163005031,0.039249003163942885,0.03761406280934262
56,5,204,lr,0.02,0,0.9968256701076648,0.08526593874244189,0.10378933717012867,0.01640130075078915,0.05273935098773793,0.054375006201509445
57,5,204,lr,0.03,0,0.9962056259070432,0.7833750418810005,0.14629983134570498,0.043343085873595096,0.07393432237058697,0.0801329176750467
58,5,213,lr,0.002,0,0.9980347566960569,-4.770388376674647,0.1261604626537045,0.04055762580025261,0.09734527262316821,0.08619896693593972
59,5,213,lr,0.003,0,0.9977749777183202,-4.068572554445466,0.09566959936097935,0.022174124882195195,0.0762715522689551,0.06951230144245396
60,5,213,lr,0.004,0,0.9977134600830292,-3.8115562194611226,0.08668472740286372,0.017777339150115163,0.06966332681660255,0.06413557336009068
61,5,213,lr,0.006,0,0.9976298205263577,-3.409393257373599,0.08643426429362304,0.016898846239887248,0.06922571417321496,0.06406460104390162
62,5,213,lr,0.02,0,0.9970540272213956,0.4718170482678046,0.10231882356676981,0.014564134326301782,0.07325105641453557,0.0745011736627524
63,5,213,lr,0.03,0,0.9963418160928025,0.5853619833206153,0.12433934926389072,0.028471772293955307,0.08355687900117047,0.09041538179147497
64,5,150,rr,0.002,0,0.9938106906552839,0.5832479058462979,1.2326300842393734,2.293922957724638,0.6041251647331175,0.9614405906999973
65,5,150,rr,0.003,0,0.9937733030341139,0.581162482651968,1.2445843570871453,2.345476767548995,0.6131420434433572,0.9929784499310547
66,5,150,rr,0.004,0,0.9937387751912938,0.5789339418408018,1.257144649010301,2.39169445755249,0.6224088148823083,1.0232417486267555
67,5,150,rr,0.006,0,0.9936754606718479,0.5738242850802743,1.2774103676446873,2.468747688756485,0.6376293642984443,1.0751765166912999
68,5,150,rr,0.02,0,0.9933165846234205,0.5333916564855031,1.333235727466144,2.69488123388354,0.680642955813337,1.23841790573302
69,5,150,rr,0.03,0,0.9931038729636574,0.5111475111445013,1.3390085483172574,2.7239571471393287,0.6848420712068397,1.2580874873982324
70,5,159,rr,0.002,0,0.9968020921839059,-60.871677211109706,23.66738993579062,650.4838736159053,1.6078581473291103,0.88738173670182
71,5,159,rr,0.003,0,0.9967688648689861,-35.6061372665182,18.277517793818735,386.18548474876167,1.527701129039279,0.8609932163575614
72,5,159,rr,0.004,0,0.9967417801995988,-23.72913944512671,15.06443975375897,261.50369825262305,1.4608185259615472,0.8380604423943941
73,5,159,rr,0.006,0,0.996696157483286,-13.088882772738827,11.396372363166135,149.09581824166025,1.354298868500157,0.7997145697647249
74,5,159,rr,0.02,0,0.9964446223439252,-2.0052132328425665,5.089145984849737,29.822090761837988,0.9978334785013501,0.6526584618770445
75,5,159,rr,0.03,0,0.9962870255645928,-0.9220008785893481,3.927835663992328,17.923890068405644,0.8774133639106099,0.5953566658531116
76,5,168,rr,0.002,0,0.9977115219251368,0.8448863382231152,1.7455241838322475,3.9783702437811654,1.4224339577850713,7.677837409345284
77,5,168,rr,0.003,0,0.9976965921966222,0.8449689123999442,1.7429041203923425,3.9661939431471276,1.4208269523342683,8.019287544822886
78,5,168,rr,0.004,0,0.9976821514054159,0.844871915317141,1.7403808847989748,3.954667622192213,1.4193127826653562,8.452968229107881
79,5,168,rr,0.006,0,0.9976538251895257,0.8443926010081833,1.7356474301262257,3.9332210114864297,1.416610099276723,9.79829583977589
80,5,168,rr,0.02,0,0.9974693174173672,0.8390306871160388,1.7111483905924132,3.8196202679486397,1.4038838165939325,13.987044720698812
81,5,168,rr,0.03,0,0.9973534850227321,0.8355573593538242,1.6990452329202756,3.7609699037199857,1.3991261372618642,25.497349267005177
82,5,177,rr,0.002,0,0.9977083987487406,0.9579619185585176,0.49783006286208104,0.5316863807747366,0.1703046502814982,0.2087862092264475
83,5,177,rr,0.003,0,0.9976941634392981,0.9556539885225414,0.4920489961268295,0.5318366115683774,0.16850834088997882,0.207240545401968
84,5,177,rr,0.004,0,0.9976800643522165,0.9535866952432052,0.4899452324011207,0.5345129203836269,0.16797565068601014,0.2071338455619928
85,5,177,rr,0.006,0,0.997652002264641,0.9499484350898788,0.4906944183306423,0.5426680017578082,0.1685854458204332,0.20876978379409847
86,5,177,rr,0.02,0,0.9974665495589891,0.9319164099518668,0.5158924329712425,0.5939075411345935,0.17878615313090343,0.2247080657334847
87,5,177,rr,0.03,0,0.9973503848504902,0.9221400742616727,0.5263710566606418,0.6142728884541174,0.18294360212970937,0.23111330042749337
88,5,186,rr,0.002,0,0.9986213399779968,0.9185702999822639,0.24537472131138882,0.10098743961879912,0.08206481133578807,0.08570514826476876
89,5,186,rr,0.003,0,0.9986073552664244,0.9164154108101563,0.2446954923949456,0.1013092517579683,0.08187564154722912,0.08555986057165839
90,5,186,rr,0.004,0,0.9985934963131596,0.9142527491751936,0.24436716010735635,0.10167851961701695,0.08179110232880611,0.08552413017420142
91,5,186,rr,0.006,0,0.9985662356428177,0.9100697806794148,0.2443642196271458,0.10252976101569773,0.08181906317780317,0.08565701825846524
92,5,186,rr,0.02,0,0.9983956164798634,0.8866389917669729,0.24888514201648484,0.10800337798853656,0.08333898825814083,0.08779505142903798
93,5,186,rr,0.03,0,0.9982920196510502,0.8736668480681491,0.2515715452624537,0.1106043435853683,0.08421775785747992,0.08895833778273306
94,5,195,rr,0.002,0,0.999162475621746,0.8000056231956935,0.2694124217512452,0.12489365486599739,0.10751748092685677,0.11358697876091604
95,5,195,rr,0.003,0,0.9991508110253383,0.7941563758392816,0.2661572841620466,0.12158001639820919,0.10615518593581091,0.11195712457091923
96,5,195,rr,0.004,0,0.9991392072866306,0.7881418939058108,0.26369056064281476,0.11877989633088497,0.10510941849663573,0.11066829291442298
97,5,195,rr,0.006,0,0.9991163301727569,0.7764209281958951,0.2599743441824143,0.11439521078855197,0.10352781929780845,0.10869110420619658
98,5,195,rr,0.02,0,0.9989758211202493,0.7136770544288193,0.251375694829673,0.10192712301875222,0.0998553030479774,0.10388953492620794
99,5,195,rr,0.03,0,0.9988925352316377,0.6816416889123817,0.2506300710107326,0.09898923438471086,0.09952385772394111,0.10328282364106108
100,5,204,rr,0.002,0,0.9992922252934747,-1.1048960346891865,0.08563820602523879,0.013851109358432924,0.04502103347585742,0.04358114499576765
101,5,204,rr,0.003,0,0.9992816702097134,-1.24260246167066,0.08485881943875134,0.013679014424210378,0.04464316537127722,0.04319497697969806
102,5,204,rr,0.004,0,0.9992710050259737,-1.370531310270099,0.08423919650960736,0.013554801943590723,0.04434581202924376,0.04288599915830605
103,5,204,rr,0.006,0,0.9992498473316948,-1.598279025170818,0.0832732006660709,0.013384422814763227,0.04388759695378841,0.04240320362647382
104,5,204,rr,0.02,0,0.9991238799857122,-2.5876771628089976,0.07983027857580166,0.013011873630055779,0.04228864601780379,0.0406801250320913
105,5,204,rr,0.03,0,0.9990516715931342,-3.003189733411677,0.0785034390434065,0.013046017929926032,0.041688283999245325,0.040011612852981326
106,5,213,rr,0.002,0,0.9993930716106352,-5.034572952033378,0.19336415542980054,0.08771138684786205,0.13788684653252123,0.11803907368545163
107,5,213,rr,0.003,0,0.9993836494930991,-5.513653831694501,0.1978285253884472,0.09002612383905288,0.1404835079608743,0.12026328405990293
108,5,213,rr,0.004,0,0.999374188848556,-5.955656932833466,0.20149241794859965,0.09205179134530171,0.14261358482370806,0.12206962510985053
109,5,213,rr,0.006,0,0.9993556132787295,-6.729933827470396,0.20703348244762476,0.09537583245844243,0.14583851181674654,0.12476643027289201
110,5,213,rr,0.02,0,0.9992469343109655,-9.835117794193666,0.222813494527663,0.10669251865665909,0.15516801902595667,0.13230887299285865
111,5,213,rr,0.03,0,0.9991842077175583,-10.957995477880344,0.22692143231394932,0.1104938822381878,0.157672317234071,0.13421515113978952
112,10,150,nn,identity,5,0.9522149452356062,-17.281686375712216,5.209796511319716,52.3557809463469,1.0480758739341955,1.9444281492087925
113,10,159,nn,identity,5,0.987782752446836,-7.3234458606137025,3.4063983151146275,14.58109313571619,1.462430120733184,1.1261180682106617
114,10,168,nn,identity,5,0.986536936549414,-0.4783837603181067,1.500015092024397,3.325859198585872,0.7611066735820966,2.2402146972332293
115,10,177,nn,identity,5,0.9746500793058476,-0.5288303015313351,0.5667604742592104,0.48263668328160053,0.20198389531184655,0.24151602192819968
116,10,186,nn,identity,5,0.9847014894847907,-6.26127572497768,0.6160177531562535,0.4944283946876969,0.1997754824242295,0.17781659635666622
117,10,195,nn,identity,5,0.9797412049268255,-8.627945960679563,0.49450882859200923,0.328646229152807,0.24642702238322714,0.29845414556612276
118,10,204,nn,identity,5,0.9874491868743563,-24.88782967318362,0.17652526255513154,0.039740329602387964,0.11128013035275709,0.10337924226408031
119,10,150,nn,relu,5,0.9886063400962034,-33.10832726539048,6.427895485104784,63.87254219161676,1.4463128233539804,3.3827395623953507
120,10,159,nn,relu,5,0.9928954010193017,-1.1116297390303955,1.0227712463655665,1.7008884829899902,0.7664447655953518,3.39923362741165
121,10,168,nn,relu,5,0.9911700979927976,-4.919586025568675,1.5816416499512436,2.8694193850473435,0.8447979406360165,1.8795526048071458
122,10,177,nn,relu,5,0.9859601220325834,-1.242630705094004,0.41950862472345934,0.3106921563826351,0.14510569869342257,0.16828020337353902
123,10,186,nn,relu,5,0.9845028043235103,-2.672119742895282,1.0764277669296651,1.6036837989825508,0.5238590159203276,0.9059823614957224
124,10,195,nn,relu,5,0.9909084391173656,-28.074038567305006,1.0051423571529818,1.4377325936984888,0.7340289814085462,28.89545008618968
125,10,204,nn,relu,5,0.9775634054394816,-461.19111256594266,0.5226244558814499,0.3412785769042325,0.34566511390639015,0.41756882041851767
126,10,150,lr,0.002,0,0.9970905722301904,0.38317937491363213,4.292064489295152,27.59198496920533,1.67239617731681,3.5415762163742035
127,10,150,lr,0.003,0,0.9959332430903727,0.45417118283975516,4.171247521266877,23.145100477179156,1.766679675775898,4.477873981771892
128,10,150,lr,0.004,0,0.9946258563627502,0.5587304234208755,3.837163631330236,18.763125018300457,1.7264586808874685,4.797230230597481
129,10,150,lr,0.006,0,0.9928220457565254,0.6609370005763654,3.346965419723,13.788894200711704,1.617243516596643,9.486904802526684
130,10,150,lr,0.02,0,0.9876769353534546,0.8386033269068207,2.2899885683642345,7.148324023105488,1.1486670064191626,30.01380645116831
131,10,150,lr,0.03,0,0.9854534069469066,0.8550675160679294,2.1682670511074895,6.676773373688971,1.0573378449524908,4.136146779229913
132,10,159,lr,0.002,0,0.997326304435641,0.8907081341274163,0.5007228291894815,0.46604566631461747,0.3918555935025492,2.601367683057406
133,10,159,lr,0.003,0,0.9965719274121753,0.8904066518035366,0.48083040900765583,0.423596461356714,0.350370822263117,0.8899192386595809
134,10,159,lr,0.004,0,0.9961193831410645,0.904492375097818,0.47759861398342984,0.4306943206807352,0.35302387350503034,1.022950314034942
135,10,159,lr,0.006,0,0.9954528235511465,0.9210958668245656,0.45300916688087517,0.3919795536539319,0.304950269309942,0.5253626133955632
136,10,159,lr,0.02,0,0.9911514831718876,0.962700707068958,0.4049702212367134,0.2893055502989637,0.23346824735031915,0.26188512497187405
137,10,159,lr,0.03,0,0.9890194498430951,0.9682140122818175,0.41120625977085706,0.2901850530425385,0.23887974806642012,0.25469396355134366
138,10,168,lr,0.002,0,0.9968911558756469,0.8642737471494119,1.1638881577158877,1.9103067616137384,0.5203231808566726,0.8333722092967529
139,10,168,lr,0.003,0,0.9960883018965845,0.8886628990943849,1.2513078299977394,2.1255787821122953,0.5701960949708834,0.937226852315071
140,10,168,lr,0.004,0,0.9954046913285999,0.9049521871460215,1.3068843993798895,2.2810329724010945,0.6017559405980178,1.007069922231393
141,10,168,lr,0.006,0,0.9943408772768887,0.9210811812405625,1.2947612926766163,2.2476320927432765,0.5918582325465785,0.9779624692494119
142,10,168,lr,0.02,0,0.9914871949586574,0.9211350564828974,1.4137899573363601,2.66869594940368,0.6658316910151879,1.202158273378332
143,10,168,lr,0.03,0,0.9892579640779395,0.9144779296675992,1.4504728098077138,2.8560032676739553,0.6920358616717772,1.3467864712116915
144,10,177,lr,0.002,0,0.9974462273405201,0.14739381882529856,0.5432484954838692,0.5240088489607179,0.1560362229179654,0.13949657041322827
145,10,177,lr,0.003,0,0.9971740859353092,0.2580378103483516,0.5025175795514244,0.4578847774369483,0.1447233675435702,0.13067352684778455
146,10,177,lr,0.004,0,0.9968780788430568,0.37456887776393977,0.4442783746554273,0.39656008694124373,0.1273041005631329,0.11603748289805925
147,10,177,lr,0.006,0,0.996267565445661,0.5736671968590134,0.4328384532163076,0.30567349594387,0.12817441634107268,0.12233462553755607
148,10,177,lr,0.02,0,0.9924208455512256,0.9235071470459877,0.5794760910250493,0.5738449271532453,0.19241863381300242,0.22774736754267721
149,10,177,lr,0.03,0,0.9912364028771159,0.9442291945114452,0.7163797419180389,0.861532079437127,0.24799218710819568,0.31230065421083647
150,10,186,lr,0.002,0,0.997770829023848,0.2372468220657021,0.2737189394786637,0.1096618490152688,0.09537755531611815,0.0913907549563824
151,10,186,lr,0.003,0,0.9973891910932112,0.27489344689096246,0.2393605156425732,0.09109889864490388,0.08405275580757776,0.08088215851833251
152,10,186,lr,0.004,0,0.996980694126765,0.3372020975831937,0.20669801932553433,0.07355746035943057,0.07284476530739634,0.07041578047431575
153,10,186,lr,0.006,0,0.9966975996687942,0.4908412830164934,0.18506680249642693,0.055995914345172426,0.06568660630242877,0.06565006005957812
154,10,186,lr,0.02,0,0.9951539266010391,0.8041560935359927,0.32483167165691407,0.16002729923345674,0.12251897188904308,0.13488692801023794
155,10,186,lr,0.03,0,0.9944142414052287,0.8660796441799129,0.4626467234689137,0.2970481537295805,0.1819059488801754,0.20832856498429822
156,10,195,lr,0.002,0,0.9981078325642078,0.05663582977781537,0.3210287439952886,0.12213910423555811,0.153631489239975,0.16944103143077227
157,10,195,lr,0.003,0,0.9976409324739294,0.02791214509821745,0.3149017742819698,0.11661845068403016,0.1504383971857579,0.1654346277224914
158,10,195,lr,0.004,0,0.9972610659526339,0.024745043534869098,0.31886626289998193,0.11971048699146807,0.15369123767070816,0.16969980010187233
159,10,195,lr,0.006,0,0.9971266464976232,0.09707776638323957,0.31272350667632653,0.11495404311927793,0.15024765155944053,0.16543804047503455
160,10,195,lr,0.02,0,0.9965594853583769,0.4806536752308759,0.37470553214501007,0.16586858003282898,0.1823936659603237,0.20520415453076954
161,10,195,lr,0.03,0,0.9959300180484328,0.5729316308504407,0.4527021590428422,0.24514030461676375,0.22490341158869084,0.2610149908896291
162,10,204,lr,0.002,0,0.9983945554317604,-4.429380553125067,0.10255902324054418,0.0255184030495339,0.07069469889979521,0.06493593275917069
163,10,204,lr,0.003,0,0.9979292686171073,-4.2891016704997105,0.09554197135743196,0.020241861427705347,0.06599473797733903,0.06133684840742718
164,10,204,lr,0.004,0,0.9977921203235202,-4.076986377041256,0.09367044735135344,0.01965217804668931,0.06491398932340718,0.06033197988142471
165,10,204,lr,0.006,0,0.9976685644438965,-3.2269147661122353,0.09069506223686845,0.018934686192475667,0.06325333524384837,0.058758923765623285
166,10,204,lr,0.02,0,0.9968872328272739,0.175358941770137,0.11533194241389093,0.018177785064550006,0.07603468819378562,0.07561169168039807
167,10,204,lr,0.03,0,0.9962103133100687,0.8822619997122576,0.1473227305853798,0.03288629405135513,0.09396838833310879,0.09943846871869454
168,10,150,rr,0.002,0,0.9999675124989192,-0.7429038612651432,4.765175213447448,30.43431584138644,1.763636071386272,3.3599157157493127
169,10,150,rr,0.003,0,0.999951426736048,-0.7103704330922817,4.591215344200699,29.036704931033885,1.7480454096061415,4.305566237969487
170,10,150,rr,0.004,0,0.9999347071992003,-0.6958343633139507,4.48012255362061,28.224305047131594,1.7382312763602765,14.653572239199418
171,10,150,rr,0.006,0,0.9999012287747987,-0.6811285906419954,4.342478647688375,27.32310290917376,1.7113136430666793,6.99639740713
172,10,150,rr,0.02,0,0.9997150879334787,-0.5210284051047824,4.097478149784622,26.23168853000347,1.5992491638269686,4.755500216581457
173,10,150,rr,0.03,0,0.9996200773698121,-0.3983499687257089,4.072437987750858,26.305605405395685,1.566907938575963,4.73453603430859
174,10,159,rr,0.002,0,0.9999582286737646,-1.2238445102493765,1.4383144677571202,2.749097993336747,1.0502065601385686,12.893937084124127
175,10,159,rr,0.003,0,0.9999431906050108,-1.0770110181075785,1.3833859836218938,2.5787016806574012,1.0254503487049487,10.115783813493191
176,10,159,rr,0.004,0,0.9999291610895149,-0.9608257471823737,1.3472430379508513,2.460381689121107,1.0114723795457292,10.209915615073788
177,10,159,rr,0.006,0,0.9999039140231359,-0.7874117819946528,1.2983820417238636,2.300446079506177,0.9938033378583383,5.091826449350811
178,10,159,rr,0.02,0,0.9997864104971871,-0.290092941562665,1.1387304821263489,1.8928987206066246,0.9340221805289278,4.06869459133155
179,10,159,rr,0.03,0,0.999729307614606,-0.14665514401058766,1.0872088103189275,1.777572118490636,0.9108367284450227,5.038891141012583
180,10,168,rr,0.002,0,0.9991699547678025,0.6838098356267598,1.1868967890295612,2.1801577266169985,0.5349054212309304,0.945801436587613
181,10,168,rr,0.003,0,0.9991287912924923,0.597908985648847,0.988098690069561,1.5755892726437388,0.4245866872041022,0.6506501310740168
182,10,168,rr,0.004,0,0.9991014129702137,0.5080754326387703,0.8970257507681653,1.2946622934066658,0.3770221858727349,0.5459816590444565
183,10,168,rr,0.006,0,0.9990646323946923,0.3642733609502877,0.8143001064729821,1.0545491160047584,0.3360991199467824,0.46451508500341165
184,10,168,rr,0.02,0,0.9989550250827008,0.051318721562744564,0.7701949407760065,0.9125205317181803,0.31702750474483155,0.42803395991691723
185,10,168,rr,0.03,0,0.9989081586422168,0.01960507328920184,0.7882235472592222,0.9524895623636489,0.3273157194734334,0.44827368946220125
186,10,177,rr,0.002,0,0.9994040582050947,-0.474526488170478,1.3603569947123384,3.1578937088349193,0.3321268623269616,0.27005802707764043
187,10,177,rr,0.003,0,0.999381267607207,-0.4765060077317757,1.321960496353775,2.8571707843860517,0.3286988952398869,0.2717901015262363
188,10,177,rr,0.004,0,0.9993610575394062,-0.48142796679162286,1.2909627116184916,2.6414180441337862,0.3255528217726944,0.2728224859573583
189,10,177,rr,0.006,0,0.9993258669114738,-0.49847613071973357,1.244685952892632,2.3551622451365586,0.3203139334203369,0.2738201821788035
190,10,177,rr,0.02,0,0.9991636374284448,-0.6781140061165294,1.1220084420716276,1.762980177563886,0.3025497252032366,0.2704962591984659
191,10,177,rr,0.03,0,0.9990842989940075,-0.7981336267350305,1.0900988388321795,1.6417062959410125,0.2965362819157525,0.2666844804444445
192,10,186,rr,0.002,0,0.9994345399667323,0.39110188579054866,0.4960162938328228,0.5363757459801491,0.15465693084409662,0.13504463714793005
193,10,186,rr,0.003,0,0.9994179894536082,0.34663051745064655,0.49936565004709665,0.5331285950296567,0.15599566821551777,0.1363741254200861
194,10,186,rr,0.004,0,0.999403375950855,0.3084873216323541,0.5015096105097121,0.5288434649158484,0.1569445824591653,0.13735196774988054
195,10,186,rr,0.006,0,0.9993774931049639,0.2428305652186433,0.502242303046596,0.5169039206272724,0.1577275165207779,0.13831880526660403
196,10,186,rr,0.02,0,0.9992425709753544,-0.07115714166600211,0.47768375109584366,0.4184548305183832,0.15313367992542137,0.1361483550876255
197,10,186,rr,0.03,0,0.9991670216273641,-0.2293550481664943,0.4605377906284824,0.3690693943014804,0.14912800149833308,0.13359857785616622
198,10,195,rr,0.002,0,0.9995656625730901,-1.2571353457598065,0.25134737757812703,0.09562778492752944,0.11101790336447437,0.11577421345281112
199,10,195,rr,0.003,0,0.9995540528684312,-1.5727369246214555,0.24879807025019607,0.09390885404012712,0.10989134783787687,0.11465190891071618
200,10,195,rr,0.004,0,0.9995430675498703,-1.8585934157316817,0.24706579180017565,0.0924345388145661,0.10911985621759784,0.11381798984638725
201,10,195,rr,0.006,0,0.9995223881127587,-2.374888063761729,0.2443151419387312,0.08999791226319477,0.1078484127022364,0.11236203952752437
202,10,195,rr,0.02,0,0.99940589934507,-4.984927425335717,0.23379802227125399,0.0805067137410614,0.10284339207456607,0.10637476662111466
203,10,195,rr,0.03,0,0.9993407433187622,-6.239414412702974,0.22884082732796732,0.07651407656582686,0.10055269352798929,0.10375239842246897
204,10,204,rr,0.002,0,0.999636097987563,-6.454522585729279,0.22745847569658864,0.13060556095515272,0.13723003558959088,0.11995590713346076
205,10,204,rr,0.003,0,0.9996245876987414,-7.248421511919005,0.22784100669701068,0.12944112673340835,0.13723150418197808,0.11975576539539735
206,10,204,rr,0.004,0,0.999613982190949,-8.061633743052372,0.2291046414445775,0.12900048400092473,0.13773731409191334,0.12006133755782174
207,10,204,rr,0.006,0,0.9995945987655888,-9.680164586168445,0.23188804874406255,0.12908055648433017,0.1389326937175609,0.12088977687931794
208,10,204,rr,0.02,0,0.9994927627036537,-19.34393065168852,0.2469935164238214,0.1329962502869745,0.14668397305664604,0.1272573601646486
209,10,204,rr,0.03,0,0.9994379491193127,-24.61828457848722,0.2522091796152686,0.1340793450026063,0.1495721728046715,0.12974498626082812
210,20,150,nn,identity,5,0.998157108116487,-10.19342761920654,3.199694573642319,16.221696898859303,1.342964062635896,1.8133780219109676
211,20,159,nn,identity,5,0.9948897026769258,-11.060931555102753,1.0942256233833376,1.9283197998329744,0.36372318295214096,0.43468385067196263
212,20,168,nn,identity,5,0.9868170103461676,-9.855672440407945,1.1979714512589623,2.243501361604402,0.43594193464262787,0.8847569128841757
213,20,177,nn,identity,5,0.9884037344091707,-18.335790496484456,1.2954778880183904,1.9967802417234164,0.6864323185897261,1.3111097886970493
214,20,186,nn,identity,5,0.9924275063922572,-235.77287488003583,0.7319563666378778,0.6947465865782539,0.4419426775001469,0.7913966554162162
215,20,195,nn,identity,5,0.9962181939860854,-896.23201782041,0.5654549162565118,0.484814546861753,0.31104258338561747,0.2537913332956298
216,20,150,nn,relu,5,0.9794745610913984,-5.301296722095002,2.124459104230549,7.545710405425132,1.3549148882293134,4.744878321451156
217,20,159,nn,relu,5,0.9809353558923983,-3.5831131934526943,1.9599483603221184,4.66027124210409,0.9072073708988837,1.9339711369374253
218,20,168,nn,relu,5,0.9919137126042342,-11.794627419597262,0.7984752202842808,0.7311865660002823,0.22610159601243743,0.2010663504513169
219,20,177,nn,relu,5,0.9758031499065627,-23.57982394879669,1.4491321234731427,2.9967341688873153,0.6898719644211826,2.5173020471286605
220,20,186,nn,relu,5,0.9921249774825434,-840.7751597307347,1.7966214531427909,3.516639549724823,1.4781427858792389,86.80793997754829
221,20,195,nn,relu,5,0.9953765900664142,-384.5354633834019,0.6865586653160204,0.6224179741767703,0.3753008061083534,0.3032206627654305
222,20,150,lr,0.002,0,0.9992214010877342,0.45367915585206325,0.38553148616754,0.22756361036883144,0.26518345751489897,0.2256565016258271
223,20,150,lr,0.003,0,0.9988107038830667,0.5737362518344092,0.36570666620237136,0.19456146487919224,0.2563236624044762,0.22739464112889882
224,20,150,lr,0.004,0,0.9983971602320532,0.6285470186138092,0.3592273368510746,0.185501554840644,0.2536849482243371,0.2307777967199546
225,20,150,lr,0.006,0,0.9975673580552198,0.6944212299484382,0.33679088534213447,0.1632299951430475,0.23916881448471475,0.22586239080405868
226,20,150,lr,0.02,0,0.9912414146992278,0.8996932054890481,0.3268040428682679,0.17234466081633207,0.23671499010168354,0.22845093171944586
227,20,150,lr,0.03,0,0.9870748420873799,0.9274608280757887,0.34233886595645185,0.20271092207780214,0.24563060344923082,0.23092170948796495
228,20,159,lr,0.002,0,0.9989379832813269,-0.4337304906143202,1.5396237486178752,3.228624108074511,0.6379908045126143,1.1270445105316986
229,20,159,lr,0.003,0,0.9983270092759104,-0.4857151798992491,1.543692518225132,3.260339311209258,0.6404850321879013,1.1603551711609428
230,20,159,lr,0.004,0,0.9977877971096114,-0.32733072788075535,1.5289934524624706,3.2285899359419297,0.6349933419001338,1.158295872957799
231,20,159,lr,0.006,0,0.996703278073575,-0.12767621350329725,1.5609469191938257,3.3918238465094284,0.6579896434733022,1.2755601221665611
232,20,159,lr,0.02,0,0.9893626866960465,0.08111627116460014,1.6215399264138624,3.694832065450319,0.6682075307393935,1.3045359812075858
233,20,159,lr,0.03,0,0.9872979713683024,0.18660078199453004,1.6491347014331759,3.798734857518047,0.6862179113787829,1.3677485534154556
234,20,168,lr,0.002,0,0.9985490833203041,-0.8725712759214334,0.49281451611740873,0.38577437989706825,0.15767492770198174,0.16715680228167953
235,20,168,lr,0.003,0,0.9980950616803298,-0.38634328810678936,0.5195596116297831,0.41407195647678413,0.16666099963556835,0.1800200551178999
236,20,168,lr,0.004,0,0.9975506148591325,-0.06635701722098004,0.5692140966172946,0.44730932536720774,0.1878578675179425,0.20576493276865415
237,20,168,lr,0.006,0,0.996803569378646,0.26557394753964986,0.606512903360782,0.5503586198995215,0.2077185466684337,0.24432674696460635
238,20,168,lr,0.02,0,0.9932943097676219,0.8121201137317559,1.05656824818999,1.8956621491447276,0.4134022482005557,0.7396539585011862
239,20,168,lr,0.03,0,0.9915451723222682,0.8488966412572867,1.109155805847302,2.005335010998635,0.4372386913889788,0.7780721217889196
240,20,177,lr,0.002,0,0.9985293507473259,-3.1337472307134617,0.32273244813189167,0.22440950834063025,0.11127737861559395,0.1004009960457954
241,20,177,lr,0.003,0,0.9981874859284389,-2.643499875704857,0.2900382397953686,0.19549915153359196,0.10001707665010134,0.09088766222866457
242,20,177,lr,0.004,0,0.9978979148126342,-2.0954506862343,0.2928397635850501,0.17639544072892144,0.10228944699511684,0.0943805789649557
243,20,177,lr,0.006,0,0.9975880641763178,-1.269507110816698,0.26045973697793806,0.14017597342173985,0.09262955119560563,0.08777328381858061
244,20,177,lr,0.02,0,0.9951520805024856,0.21303414327022752,0.24989278676335483,0.10064864414806161,0.09624387746533887,0.10158592140888612
245,20,177,lr,0.03,0,0.9942431543509321,0.46505298043052684,0.3264359838487774,0.17021211359315125,0.13065468186593718,0.14611080639193263
246,20,186,lr,0.002,0,0.9985803287168107,-14.406725636929067,0.2351554438286485,0.09135323266969632,0.12141867070698631,0.1361200460311459
247,20,186,lr,0.003,0,0.9982007191638669,-7.7145780385841904,0.21061634641930468,0.07185030244250991,0.1073029923773026,0.11833690355960162
248,20,186,lr,0.004,0,0.9978636687107545,-5.773552931093239,0.21590790104664728,0.0672927861510179,0.10986454621004434,0.12031522391564746
249,20,186,lr,0.006,0,0.9973639157322399,-4.378427422966181,0.2124727239757934,0.061064986983740493,0.10969866882113917,0.11975088905102782
250,20,186,lr,0.02,0,0.9962837409560792,-2.558068402405791,0.13766621999919496,0.026470988913178273,0.06967740198404572,0.07343802518336022
251,20,186,lr,0.03,0,0.9954910385520446,-0.8789990058446987,0.22835337742008122,0.06345497189998733,0.1157039468559972,0.12489025881353773
252,20,195,lr,0.002,0,0.9987744744482443,-77.46544739796443,0.35260572372956506,0.2031914018238512,0.22276364510694688,0.1873138868559705
253,20,195,lr,0.003,0,0.9984001932179357,-51.501095318899324,0.343645246013768,0.1952542723394851,0.21861892292850196,0.18405594770368916
254,20,195,lr,0.004,0,0.9981582361657418,-35.97788055400316,0.3264570893496754,0.1809032931331319,0.21050202174744959,0.17747100052131995
255,20,195,lr,0.006,0,0.9978979607906098,-20.348244024217735,0.2818521192864824,0.1508094096947832,0.18643358079397357,0.15744268130376748
256,20,195,lr,0.02,0,0.9964739901836587,0.07936617743502343,0.13127018196915013,0.026715759063263567,0.09826591033826942,0.09385683702066379
257,20,195,lr,0.03,0,0.9956976900604629,0.8273063235875796,0.147736814348978,0.030128319177106355,0.10607926028958031,0.10961197677555727
258,20,150,rr,0.002,0,0.9999995008077208,-0.1244022304646905,0.7869314257580687,1.3244037032572147,0.5719004621875895,0.7120081320312939
259,20,150,rr,0.003,0,0.9999989650421082,-0.08003512812408138,0.7787239522816923,1.2832476832089934,0.5698760402206394,0.711304254675976
260,20,150,rr,0.004,0,0.9999982967566362,-0.03896289789322679,0.7708443433008867,1.244815704723805,0.5678962434630507,0.7110310790413439
261,20,150,rr,0.006,0,0.9999966760358149,0.03458033813924888,0.7559957151726912,1.1750970350334184,0.5640879321367595,0.7118593007012447
262,20,150,rr,0.02,0,0.9999818621946166,0.3504806102493195,0.6771616972120341,0.856190516290472,0.5431164081639458,0.7815596992396016
263,20,150,rr,0.03,0,0.9999709467225485,0.46517841407655625,0.6383194449497956,0.7269731590496041,0.5328099610569983,0.9692146749311101
264,20,159,rr,0.002,0,0.9999972261950769,-0.7807421936713902,1.9039942787533182,4.876084275214378,0.835149103701427,2.1963685788787637
265,20,159,rr,0.003,0,0.9999948136461548,-0.7230339873828706,1.8996177923930837,4.862148968422766,0.8338139346289157,2.1410510198677772
266,20,159,rr,0.004,0,0.9999921951096398,-0.676428573762441,1.8971006107730448,4.8510650492490965,0.8334823147995388,2.1105803293605576
267,20,159,rr,0.006,0,0.9999868616023967,-0.6056272289209736,1.8930414496702845,4.834920959620332,0.8330572752704833,2.080151028469732
268,20,159,rr,0.02,0,0.9999576632993669,-0.4046338971920429,1.8836707747099457,4.812848562269082,0.8342721519612247,2.0684371368682455
269,20,159,rr,0.03,0,0.9999431293086837,-0.3514610006312792,1.8844584857442506,4.827315925828418,0.8368050741857763,2.0920164478891117
270,20,168,rr,0.002,0,0.9999976329970924,-7.306049243390642,0.6378222365748059,0.5947001503700554,0.20127597497989388,0.20823498414431096
271,20,168,rr,0.003,0,0.9999959804450756,-7.350713097907799,0.6493675735304737,0.6106571155398995,0.20406536395914768,0.20932603721897267
272,20,168,rr,0.004,0,0.9999943816083063,-7.377646507303505,0.6581256777924765,0.6236825426402467,0.20616286996708744,0.21015235644058058
273,20,168,rr,0.006,0,0.9999914842263905,-7.400656758239941,0.6705932869672818,0.6434609188490058,0.20913668297981483,0.2113639620617831
274,20,168,rr,0.02,0,0.9999780523524304,-7.302140572753135,0.702703833469759,0.698171558010498,0.21704754889573327,0.2154356150425981
275,20,168,rr,0.03,0,0.9999712240279989,-7.215841145516421,0.7113353187853092,0.7125421345128009,0.2193780698038356,0.21709986626133515
276,20,177,rr,0.002,0,0.999997321588376,-35.42728725172456,0.5249670313345619,0.48244972545001036,0.1729062649036307,0.1522686011170459
277,20,177,rr,0.003,0,0.999995856038098,-34.91626683269093,0.5427418745816813,0.5009714433147139,0.17869143768837956,0.15727713685486364
278,20,177,rr,0.004,0,0.9999944838495293,-34.55411570226781,0.5551264061625321,0.5132257413206426,0.18277038046476837,0.160814967124661
279,20,177,rr,0.006,0,0.9999919677054189,-34.05897371885073,0.5713114346238386,0.5284449128949115,0.18817443154920924,0.16550124681085665
280,20,177,rr,0.02,0,0.999979044402371,-32.712958335151086,0.6071236645695173,0.5551505655296849,0.20048084780760647,0.17629150042840888
281,20,177,rr,0.03,0,0.999972177522214,-32.246621777741886,0.614949456660354,0.5563953075429168,0.20327546149576156,0.17894142150640882
282,20,186,rr,0.002,0,0.9999949954671452,-71.1584574700333,0.5968639203412774,0.5343032759798674,0.3852156943542515,1.165342628617401
283,20,186,rr,0.003,0,0.9999924816883198,-65.92740579559668,0.5969072951598786,0.5290460089577725,0.38232999710215676,1.007071146529886
284,20,186,rr,0.004,0,0.9999901504120731,-63.056902429064245,0.5957824082265302,0.5230820996060153,0.37920834509260537,0.9194626990731652
285,20,186,rr,0.006,0,0.9999859671012344,-60.29689604200954,0.5916979683852222,0.5100274331344034,0.3725587155901451,0.8142732485843007
286,20,186,rr,0.02,0,0.9999660403444645,-60.747299736019606,0.5626391857326515,0.4427620884512806,0.33808123803125745,0.5827224371634848
287,20,186,rr,0.03,0,0.9999557679018705,-63.56623428026685,0.5502825893117047,0.42021993974861455,0.3249672633967525,0.5314857835144801
288,20,195,rr,0.002,0,0.9999916334285835,-148.4265195966506,0.38649763007878307,0.23495167227624567,0.24174983843582662,0.20290026388757165
289,20,195,rr,0.003,0,0.9999886596691477,-137.42085530337116,0.39368519613734937,0.24156599652666078,0.24554080683623006,0.20577567222251378
290,20,195,rr,0.004,0,0.9999859358840496,-132.79765972514895,0.4002071501919631,0.24814179244897502,0.24887230802571877,0.20825550257564876
291,20,195,rr,0.006,0,0.999981013078212,-130.41850288279485,0.4107932755667993,0.25966205392470015,0.25413641051343067,0.21209765370880437
292,20,195,rr,0.02,0,0.9999548287813376,-149.3336873586836,0.44168802876961677,0.29659327645633665,0.2689036384165587,0.2226148347310588
293,20,195,rr,0.03,0,0.9999392439920234,-163.8180695458611,0.44769211041582224,0.3034474226833477,0.2717525801686311,0.22468177820712523
294,30,150,nn,identity,5,0.9880385070297862,-32.60698186222775,3.9797687934948414,32.24163381883364,0.8405201552954367,1.5796352781119503
295,30,159,nn,identity,5,0.9956401435762938,-6.722022820822431,0.6406489415374631,0.681869509935079,0.2078500020255261,0.22564124930521165
296,30,168,nn,identity,5,0.15678856452306913,-40.19532507081738,1.4727660530551745,2.9908071263791496,0.6997724606380192,1.80002529496893
297,30,177,nn,identity,5,0.9972247977597096,-247.21317038727872,0.5083833071779206,0.39708461896725217,0.30552614380561766,0.45104034536983084
298,30,186,nn,identity,5,0.9965238289080639,-2188.3171047254677,0.8276999458862102,0.8665241849461155,0.5277204723477702,0.5410246793347192
299,30,150,nn,relu,5,0.9873615282415331,-7.541985524602661,2.837761779104602,12.390318453867948,0.8902165804691262,4.2723827955178555
300,30,159,nn,relu,5,0.9934693944229965,-35.663438863028134,1.7511319387265918,4.457731561570909,0.8102538755426282,2.465650885918047
301,30,168,nn,relu,5,0.9940776214486379,-70.06987230396946,1.104952444757502,1.8573184033966708,0.3350896740201737,0.2784162800730678
302,30,177,nn,relu,5,0.9770578424489323,-4779.453396965443,1.1789382325339337,1.8969402180430326,0.5250220467102282,0.828640292553383
303,30,186,nn,relu,5,0.9952854101795913,-1155.0324350958197,0.6537521177516629,0.6107065859178356,0.40549881411736743,0.31578788317440504
304,30,150,lr,0.002,0,0.9991113429270961,-0.7969009185358157,2.7111226766003163,9.923844024769648,1.1239389339984769,6.965008036298681
305,30,150,lr,0.003,0,0.9986711132695149,-0.6266262488388845,2.4567615928159934,8.396432643913986,0.9753576395640752,3.7402249772950107
306,30,150,lr,0.004,0,0.9981488527453118,-0.6259935510917621,2.2566175920318674,7.152915186529206,0.8770781849937036,2.2748849827777025
307,30,150,lr,0.006,0,0.9974350144143912,-0.6070705959329291,2.152531549760582,6.3978163984465155,0.8397393485170247,2.1094459654551474
308,30,150,lr,0.02,0,0.9931145210197007,0.17122491621903155,2.2579639098478226,7.02816167381149,0.8855302131191282,2.3452058118586145
309,30,150,lr,0.03,0,0.9898502377557928,0.43101834520439314,2.1635804584250145,6.341338404824796,0.8422638832480032,2.2925834364418614
310,30,159,lr,0.002,0,0.9994216765182956,-3.576534062471376,1.1287850850398584,1.9494014590808788,0.4289113317249312,0.6596654548461313
311,30,159,lr,0.003,0,0.9992715070919603,-2.8116668126806066,1.1314452531369288,1.9999692436559684,0.4324348977937041,0.7007080851376873
312,30,159,lr,0.004,0,0.9991449917770404,-2.196798095601837,1.041196346073674,1.8158505523675144,0.3956275691984148,0.6604045668851798
313,30,159,lr,0.006,0,0.9987434535487889,-1.4071147872613359,1.1101931852715807,2.1661379749057086,0.4433080005404646,0.9408088982678778
314,30,159,lr,0.02,0,0.9955146523949828,0.19671434094368112,1.1637580779106702,2.3133761243580953,0.47388064820773357,1.020095371312612
315,30,159,lr,0.03,0,0.9927512406686869,0.5232129421194139,1.1477838732026493,2.1600540512962647,0.45684195588405024,0.8394903459039106
316,30,168,lr,0.002,0,0.9993311106029693,-24.04305223948302,0.291943090588693,0.14569570290261313,0.11004757921747275,0.10120199077602592
317,30,168,lr,0.003,0,0.9991309263002005,-10.903518219709424,0.3807482992887466,0.21363906972645483,0.15028588801008705,0.15212611491699418
318,30,168,lr,0.004,0,0.9989188107144491,-7.232124733356734,0.3181941784839577,0.16706185404801488,0.12614269993542945,0.12864702702787598
319,30,168,lr,0.006,0,0.9984347124261802,-5.284002807719855,0.3306778168160927,0.198489544047494,0.13168774856747642,0.13652916202770649
320,30,168,lr,0.02,0,0.9953314974525095,-0.7785503287215426,0.37804098481814674,0.25999226254719354,0.16373029753747767,0.19466941636269577
321,30,168,lr,0.03,0,0.9940141148740752,-0.3340724787513077,0.363187694045114,0.2193785986056024,0.15449800768732644,0.177415679467693
322,30,177,lr,0.002,0,0.9993667969998805,-266.4768096172516,0.1807546124100342,0.055234938090560105,0.09992542625381673,0.10662836143517851
323,30,177,lr,0.003,0,0.9990753440453334,-239.64938079849568,0.15923954723584052,0.044215705906235254,0.08966874404675164,0.09665835907450622
324,30,177,lr,0.004,0,0.9987735351630684,-199.66902647909978,0.15276066439613373,0.04208731459918552,0.08697972447304743,0.09480021805247368
325,30,177,lr,0.006,0,0.9982320598133466,-151.56273991312182,0.1910463632228447,0.05080121702844046,0.10321672738866734,0.10994206857483528
326,30,177,lr,0.02,0,0.996048064781005,-41.442634481594,0.1499898302738422,0.03479286805066212,0.0680970060765344,0.06483229102605069
327,30,177,lr,0.03,0,0.9951805905256593,-29.066403502674248,0.09413060133571322,0.011810647766814323,0.04637206855253998,0.044947965328225314
328,30,186,lr,0.002,0,0.999119164441887,-520.424323429245,0.47980662573947946,0.3066683333794599,0.3259789985541161,0.26536139151709065
329,30,186,lr,0.003,0,0.9987106431849059,-291.75401619986104,0.4801855189590294,0.3204091130978867,0.3248581823968611,0.26277594909672325
330,30,186,lr,0.004,0,0.9984718194031429,-184.21229967687438,0.44662990353939486,0.3057513379772541,0.30517301521389045,0.24570204951261534
331,30,186,lr,0.006,0,0.9981327137969532,-89.27448919314746,0.3972311108253133,0.2585565959304766,0.27795738611398585,0.2247883706206235
332,30,186,lr,0.02,0,0.9959278847295012,-0.2715707660107968,0.13722697140486417,0.0329790158399937,0.11905638170912418,0.10918208591777982
333,30,186,lr,0.03,0,0.9950958844724583,0.8072049607619342,0.15067590975346837,0.03014505645523355,0.12401949451123255,0.12525601047144888
334,30,150,rr,0.002,0,0.9999998488897791,-2.344633146688086,2.765730243502968,10.150492528698642,1.1254746457594946,6.4356941339469556
335,30,150,rr,0.003,0,0.9999996714503864,-2.3362269840580328,2.7658320900761386,10.150469091174754,1.1255865252872335,6.449727905091624
336,30,150,rr,0.004,0,0.9999994351057669,-2.328160922183575,2.7659441989450095,10.15050661699591,1.1257031062827985,6.463728456693313
337,30,150,rr,0.006,0,0.9999988083407266,-2.31296411743907,2.766194882890543,10.150740721506965,1.1259481664244442,6.491593994114986
338,30,150,rr,0.02,0,0.9999909599024095,-2.231993977157939,2.7684898415059127,10.15586202360288,1.127881028191137,6.678627893850449
339,30,150,rr,0.03,0,0.9999836522248224,-2.191690155328541,2.770309005787134,10.161078774205768,1.1292959015860526,6.801862131911977
340,30,159,rr,0.002,0,0.9999999360499575,-4.855031377920117,1.0562586443760325,1.6052911707328814,0.3858383836302705,0.5323917132622967
341,30,159,rr,0.003,0,0.9999998631654701,-4.843916592071562,1.0560700165679824,1.6044788644070314,0.38572565596029507,0.532098700826238
342,30,159,rr,0.004,0,0.9999997682564108,-4.833423569268834,1.055901132782563,1.6037466620811385,0.3856240271842671,0.5318335863494473
343,30,159,rr,0.006,0,0.9999995244974637,-4.814086615426948,1.0556142745070136,1.6024887476940746,0.3854494229901118,0.531375303501244
344,30,159,rr,0.02,0,0.999996839003989,-4.718860248539704,1.0547119904147404,1.5981801011080858,0.3848538213649084,0.5297386979770612
345,30,159,rr,0.03,0,0.9999945918989942,-4.675023870765851,1.0546020777524798,1.597304735407344,0.38473694237583117,0.5293458162750918
346,30,168,rr,0.002,0,0.9999999110555358,-22.568668599806312,0.279119225128552,0.14124628937308592,0.11161815252094132,0.11820655367878496
347,30,168,rr,0.003,0,0.9999998146043758,-22.5706783749183,0.27689483260168307,0.13886666216584564,0.11063737758415244,0.11697287673550849
348,30,168,rr,0.004,0,0.9999996933806813,-22.572250196437015,0.27487588477165215,0.13674474473440676,0.10974969534094943,0.11586190887488401
349,30,168,rr,0.006,0,0.9999993963931016,-22.574748589649573,0.2713349640512461,0.13310836417264663,0.10819809107096555,0.11393176512409388
350,30,168,rr,0.02,0,0.9999965946061634,-22.597562717140136,0.25681413979569095,0.11873496113512327,0.10189445119949513,0.10614519492972914
351,30,168,rr,0.03,0,0.9999944769078751,-22.62210727776287,0.2509469764289896,0.11339066862045204,0.09936216225982808,0.10304110932671688
352,30,177,rr,0.002,0,0.9999994964200543,-391.5229863258646,0.2616491997223507,0.1182105195795522,0.16446608853832925,0.20717833512566353
353,30,177,rr,0.003,0,0.9999990830674688,-392.5286606334573,0.25119793293329507,0.10923914114652893,0.15635215104998768,0.19375230510453798
354,30,177,rr,0.004,0,0.9999986455889524,-393.58736000959146,0.24221723393739905,0.1019530973154958,0.1495003279264975,0.18281056792115505
355,30,177,rr,0.006,0,0.9999977731528175,-395.521898726299,0.22772743334145137,0.09090793512991656,0.13863229984090866,0.16609901980424546
356,30,177,rr,0.02,0,0.9999929872363911,-400.1761369576407,0.19747207309836878,0.061341977557957915,0.11346943756360078,0.1271264057778533
357,30,177,rr,0.03,0,0.999990394173586,-399.1530095671348,0.18934796717484584,0.054458829931516683,0.10697824248197811,0.11781247577666687
358,30,186,rr,0.002,0,0.999998906532121,-1652.7262735529482,0.4672718407784731,0.34368807930457784,0.31147392409462576,0.2510639940261945
359,30,186,rr,0.003,0,0.999998170124492,-1614.12524845036,0.46066984458985266,0.33573575563769015,0.3078605038608113,0.24845793019884987
360,30,186,rr,0.004,0,0.9999974659722654,-1586.0707169128689,0.45564325448741955,0.329617735369649,0.30512205374804774,0.24647949356172927
361,30,186,rr,0.006,0,0.9999962036038134,-1547.603391700967,0.448319963012473,0.32057799759826583,0.301159704978563,0.24361068533793748
362,30,186,rr,0.02,0,0.9999904743088832,-1459.3947529860354,0.43147621181942464,0.2937349046390315,0.29272406470684514,0.23818951001239283
363,30,186,rr,0.03,0,0.999987543431994,-1441.0796308152694,0.42909248718293913,0.28547785211879256,0.29198372830176617,0.23830228027994602
